Name	Title	Coding	Data Collected	Subreddit
t3_jzjwz1	100 Republican national security experts demand GOP admit Trump loss	TS	23-11-20	politics
t3_jzr4dw	Michigan elections board certifies results from presidential election, sealing Biden’s win in state	ER	23-11-20	politics
t3_jzgzo5	Trump is not just refusing to concede, he is sabotaging nation’s interest	TS	23-11-20	politics
t3_jzfuso	Trump team falsely claim he was not assisted in transition by Obama	TS	23-11-20	politics
t3_jzj864	Business Leaders Tell GOP: Start Biden Transition or No Money for Georgia Senate Run-Offs	T	23-11-20	politics
t3_jzka2y	Pro-Trump Attorney Urges Republicans Not to Vote in Georgia Runoff	O	23-11-20	politics
t3_jzb2zh	Twitter Afire After Trump Camp Breaks With Lawyer: Lasted ‘About Half A Scaramucci’ | “Sidney Powell should refuse to concede her position from Trump’s legal team,” one critic joked.	TS	23-11-20	politics
t3_jz8bvm	Native American voters across Minnesota turned out to oust Trump - Vote totals were up around Red Lake, and 90% for Biden	ER	23-11-20	politics
t3_jzmb5h	Detroit had more vote errors in 2016 when Trump won Michigan by a narrow margin. He didn’t object then.	ER	23-11-20	politics
t3_jziz6f	Trump will leave office soon. But we can’t let him escape accountability for his misdeeds.	TS	23-11-20	politics
t3_jzg091	Biden is stealing the spotlight. Trump can't stand it.	O	23-11-20	politics
t3_jzmvi7	Trump's on his way out, but leaves a lasting legacy: The right's open embrace of terrorism. How did the Kenosha shooter post $2 million in bail? Because conservatives are normalizing right-wing terrorism	TS	23-11-20	politics
t3_jzeymy	New Zealand PM offers COVID-19 help to U.S. President-elect Biden	BP	23-11-20	politics
t3_jzbb0y	Reporter Carl Bernstein names 21 GOP senators who 'repeatedly expressed extreme contempt for Trump'	TS	23-11-20	politics
t3_jze8d0	Transition warning: Trump's mental illness is a growing danger	TS	23-11-20	politics
t3_jzo4ys	To Prevent 'Active Sabotage' of His Agenda, Biden Urged to Clean House of Trump Loyalists on Day One	BP	23-11-20	politics
t3_jzgz98	John Kasich Stunned GOP Isn’t Defending Democracy Against Trump	TS	23-11-20	politics
t3_jzicmc	How Ronald Reagan’s Racism Helped Pave the Way for Donald Trump’s	O	23-11-20	politics
t3_jzos3p	It’s Time To Consider Sanctions for Trump’s Legal Team	TS	23-11-20	politics
t3_jzj8y9	Republican pollster: Trump's false 'rigged' election claims may hurt GOP chances of keeping Senate	EF	23-11-20	politics
t3_jznq3n	Clip of Ted Cruz Saying Democrats Would Say COVID 'Magically Better' Week After Biden Wins Resurfaces	O	23-11-20	politics
t3_jzonsl	Former Defense Secretary Jim Mattis says Biden should toss all of Trump's 'America First' policies	BP	23-11-20	politics
t3_jzm9x0	Biden picks John Kerry for climate envoy on national security council	BP	23-11-20	politics
t3_jzgode	Trump axed campaign lawyer Sidney Powell was because 'she was too conspiratorial even for him'	TP	23-11-20	politics
t3_jztvos	Megathread: The GSA Has Informed President-Elect Joe Biden that the Administration is Ready to Begin the Formal Transition Process	T	23-11-20	politics
t3_jzh7ew	Carl Bernstein names 21 Republican senators who have ‘privately’ expressed ‘extreme contempt’ for Trump	TS	23-11-20	politics
t3_jzkjrv	Biden team is reportedly pushing congressional Democrats to strike an immediate stimulus deal with Republicans to stave off renewed recession	BP	23-11-20	politics
t3_jz9j48	Kasich: Republicans 'either in complete lockstep' or 'afraid' of Trump	O	23-11-20	politics
t3_jzpeei	Trump Is Blowing Up the Georgia GOP—and It Couldn’t Happen at a Better Time	TS	23-11-20	politics
t3_jzhuwc	New Zealand offers Biden tips on COVID-19 after successful response	BP	23-11-20	politics
t3_jzmtno	Tucker Carlson was attacked by Trump supporters for questioning the outlandish claims of the president's lawyer Sidney Powell before she was fired	TS	23-11-20	politics
t3_jzj73m	Trump’s press secretary Kayleigh McEnany heckled in briefing: ‘When will you admit you lost?’	TS	23-11-20	politics
t3_jzlc67	GOP Sen. Rob Portman says Biden transition funds should be released	T	23-11-20	politics
t3_jzlnvy	A major Trump donor’s company got a 3 percent government-backed pandemic loan. It sells title loans at a 350 percent annual rate.	TS	23-11-20	politics
t3_jzhcb0	What if Trump never concedes? The Constitution will end his term, conservative lawyer John Yoo says	T	23-11-20	politics
t3_jzmfmo	President Trump Wanted a Supreme Court Election Battle. His Current Appeal Simply Cannot Get Him There.	EF	23-11-20	politics
t3_jzguka	Trump handing Taliban a victory on his way out, says former national security adviser H.R McMaster	TP	23-11-20	politics
t3_jzgsx3	Trump legal team says Sidney Powell had no formal role, but record shows they loved her involvement	TS	23-11-20	politics
t3_jzba0d	Carl Bernstein names 21 GOP senators who 'privately expressed their disdain' for Trump	TS	23-11-20	politics
t3_jzj1p6	Group of Black voters in Detroit suing President Trump, citing voting rights abuses &amp; disenfranchisement	EF	23-11-20	politics
t3_jzpowr	Let’s hear it for the judges for dismissing Trump’s lawsuits	EF	23-11-20	politics
t3_jzlqyf	GOP senator says Biden's vote lead 'has not changed,' urges country to 'move forward'	T	23-11-20	politics
t3_jzjoc9	Republican former national security officials urge party to demand Trump concession	T	23-11-20	politics
t3_jz8td4	Here are the 3 legal cases Trump may have to face once he’s no longer president	TS	23-11-20	politics
t3_jzpllg	The Already Useless Trump Kids Are About to Get Even More So	O	23-11-20	politics
t3_jzcmj4	New Zealand leader Ardern offers virus know-how to Joe Biden | New Zealand Prime Minister Jacinda Ardern has become the latest world leader to congratulate President-elect Joe Biden on his election victory, saying she offered to share her nation’s expertise on dealing the coronavirus	BP	23-11-20	politics
t3_jz9k6j	Donald Trump’s legal team has been a ‘national embarrassment,’ according to one loyal Trump supporter	TS	23-11-20	politics
t3_jzis32	Carl Bernstein named 21 GOP senators who he said are enabling Trump's attempts to subvert US democracy by only criticizing him in private	TS	23-11-20	politics
t3_jzny0i	Pennsylvania Republicans Voted Against Certifying Vote in County Trump Won by 22,000	ER	23-11-20	politics
t3_jzmam7	Trump's top election lawyer in Wisconsin says he and his wife voted illegally in the campaign's latest legal argument	EF	23-11-20	politics
t3_jzpy16	On Trump, GOP's silence 'can't be excused and won't be forgiven' — For the first time, a corrupt US leader is trying to cling to power through autocratic means. Let history note who lacked the patriotism to speak up.	TS	23-11-20	politics
t3_jzpvbh	Rush Limbaugh criticizes Trump legal team for promising 'bombshells' and failing to deliver	TS	23-11-20	politics
t3_jzmqas	Conservatives spread false claim Biden invented 'office' of the president-elect	TS	23-11-20	politics
t3_jzg8x4	Elite Strike Force'? Trump Legal Team Throws Right-Wing Attorney Sidney Powell Under the Bus as Coup Attempt Flails	TS	23-11-20	politics
t3_jz9qp2	Haaland being vetted by Biden team for Interior secretary	BP	23-11-20	politics
t3_jzej98	Pennsylvania’s Lt. Gov. Trolls Trump, ‘Dopey’ GOP Lawsuits In Epic Tweetstorm	EF	23-11-20	politics
t3_jzfpdr	Donald Trump has assaulted our democracy	TS	23-11-20	politics
t3_jzq2dw	Poll: Majority say Trump should concede	ER	23-11-20	politics
t3_jzk7yg	A Federal Judge Rejected Trump's Ludicrous Pennsylvania Case With Pure Disdain	EF	23-11-20	politics
t3_jzla7n	Michigan voters sue Trump for allegedly disenfranchising Black voters with election interference	EF	23-11-20	politics
t3_jzeqq0	Opinion | Why Biden should stop parsing words and call Trump's lies a coup	TS	23-11-20	politics
t3_jzj1yp	Major business leaders reportedly signed a letter urging Trump to concede, and warn that 'our democracy grows weaker' the longer the presidential transition is delayed	T	23-11-20	politics
t3_jzd94c	Carl Bernstein Names Names: 21 GOP Senators Who've Privately Ripped Trump	TS	23-11-20	politics
t3_jzmus9	Donald Trump’s Bid to Steal the Election Hinges on a Shameless Homophobe Who Once Called Him a Lying, Idiotic Bully	EF	23-11-20	politics
t3_jzis4d	Will Trump’s Accusers Finally Get Their Day In Court? | He soon will be unable to hide from the women suing him for defamation.	TS	23-11-20	politics
t3_jz9yit	Representative Ilhan Omar: ‘I Hope President Biden Seizes This Opportunity’ — The president-elect has a once-in-a-generation opportunity to reorient US foreign policy so this country truly means what it says.	BP	23-11-20	politics
t3_jzhsuf	Trump urges state legislatures and courts to ‘flip’ results	EF	23-11-20	politics
t3_jzrwc2	Pennsylvania Supreme Court Kills Trump Bid to Disqualify Ballots	EF	23-11-20	politics
t3_jzjbng	In Another Country This Would Be Called a Coup: Detroit NAACP Head on Trump Trying to Overturn Vote	EF	23-11-20	politics
t3_jz8dam	Biden Chooses Antony Blinken, Defender of Global Alliances, as Secretary of State	BP	23-11-20	politics
t3_jziqei	Team Trump Fired QAnon Lawyer Sidney Powell But She's Tweeting Through It - Last week she was part of Trump's "elite strike force." Now she's "practicing law on her own."	TS	23-11-20	politics
t3_jzlbdp	Trump friend and adviser Steve Schwarzman recognizes Biden as President-elect	T	23-11-20	politics
t3_jzqf5t	Republican Congressman Says GOP 'Embarrassing,' Calls on Party to 'Denounce' Trump's 'Conspiracy Theories'	TS	23-11-20	politics
t3_jzc781	John Kasich calls Trump's refusal to concede 'absurd'	TS	23-11-20	politics
t3_jzji16	Trump's closest business ally just admitted that the president lost the election	ER	23-11-20	politics
t3_jzlipn	Sidney Powell Stricken from Trump’s ‘Elite Strike Force’ Legal Team 8 Days After President Called Her ‘Wonderful’	TS	23-11-20	politics
t3_jzc3y4	More Republicans are losing patience with Trump's legal absurdities	TS	23-11-20	politics
t3_jzdr2f	Voting machines manufacturer on Trump conspiracy theory: ‘It’s not physically possible’	EF	23-11-20	politics
t3_jzm28z	Biden to nominate first Latino and immigrant to run Homeland Security	BP	23-11-20	politics
t3_jzskav	Pennsylvania Supreme Court Reverses One of Trump’s Only Post-Election Litigation Wins	EF	23-11-20	politics
t3_jzebvu	Trump’s fundraising emails give spam a bad name - The election is over, but Trump's campaign is still bombarding his supporters with conspiracy-mongering demands for more money. Its exhausting.	TS	23-11-20	politics
t3_jzfnsj	Biden to spotlight CDC officials shunned by Trump	BP	23-11-20	politics
t3_jz9obr	US election 2020: Trump ally urges him to accept defeat in US vote	ER	23-11-20	politics
t3_jzjl2a	Republican national security experts call on Trump to concede, begin transition	T	23-11-20	politics
t3_jzazcu	Maryland governor says Trump should concede election, stop golfing	T	23-11-20	politics
t3_jzs0fi	Michigan Certifies Joe Biden's Election Victory	ER	23-11-20	politics
t3_jzrmc0	Trump’s Ridiculous, Sloppy Coup Attempt Just Face-Planted in Michigan	EF	23-11-20	politics
t3_jzsk0y	Congress Has Every Right to Keep Investigating Trump After He’s Gone	TS	23-11-20	politics
t3_jzrlc7	Maine certifies Biden’s victory in the state’s election	ER	23-11-20	politics
t3_jzqg3e	Trump campaign suffers new court loss in attempt to block Biden’s win in Pennsylvania	EF	23-11-20	politics
t3_jzsjjw	Over 100 CEOs threaten to cut off funds to Georgia GOP if Trump keeps blocking transition: report	T	23-11-20	politics
t3_jz8ss3	Trump May Announce His 2024 Bid Before Year’s End	TP	23-11-20	politics
t3_jzs4qi	Detroit had more vote errors in 2016 when Trump won Michigan by a narrow margin. He didn’t object then.	ER	23-11-20	politics
t3_jzqk4b	Secret Service members asked about protecting soon-to-be-former president Trump full time in Florida: Sources | Agents in Trump's detail have been asked about relocating to West Palm Beach.	T	23-11-20	politics
t3_jzn0c8	Biden taps John Kerry as Special Presidential Envoy for Climate, marking the first time the NSC will have an official dedicated to climate change	BP	23-11-20	politics
t3_jzfpm4	Trump set on veto of defense bill over renaming bases honoring Confederates	BP	23-11-20	politics
t3_jz9j4j	Trump legal team shuns Sidney Powell as insiders and national security officials see no evidence supporting her voting machine claims	EF	23-11-20	politics
t3_jzfulz	Republicans as a multicultural working class party? That's Trump-level delusional thinking.	TS	23-11-20	politics
t3_jz8wcb	Dominion rep responds to Trump campaign claims in Fox News interview: 'Physically impossible' to switch votes	EF	23-11-20	politics
t3_jzaoie	In last-ditch bid to stay in office, Trump deploys his favorite tactics to bully and intimidate	TS	23-11-20	politics
t3_jzsjpm	Trump is reportedly worried that his legal team is made up of 'fools that are making him look bad'	TS	23-11-20	politics
t3_jzkuz6	Trump Faces Growing Calls From Biz Leaders To Concede After Legal Battles Fall Flat	T	23-11-20	politics
t3_jzqzld	Trump campaign forces Georgia taxpayers to pay for second recount after first one confirms its loss. A hand recount of nearly 5 million votes confirmed Biden's win, but Team Trump wants to milk taxpayers even more	EF	23-11-20	politics
t3_jzsr22	Michigan certifies election results, making Biden's win official	ER	23-11-20	politics
t3_jzhlu7	Trump's 'elite, strike force' legal team starts to shrink	TS	23-11-20	politics
t3_jzr5yp	Michigan Certifies Joe Biden's Election Victory	ER	23-11-20	politics
t3_jzorhc	Trump fears Giuliani, other lawyers in Biden vote challenge are ‘fools that are making him look bad’	TS	23-11-20	politics
t3_jztm0i	Trump Campaign’s Actual Argument in Appeals Court: We’re Only Trying to Disenfranchise 1.5 Million Voters, Not 6 Million Pennsylvanians	EF	23-11-20	politics
t3_jzobu4	Behind the scenes, Trump frustrated with his legal team's maneuvers	TS	23-11-20	politics
t3_jzlcxd	Trump Could Push Don Jr. and Ivanka in 2024, but Trumpism Is a Hard Sell Without Him	TP	23-11-20	politics
t3_jzmeyu	New report details Trump effort to seize thousands of acres of private land for border wall	TP	23-11-20	politics
t3_jzozd1	Why the Trump campaign’s big legal flameout in Pennsylvania seems like a turning point, even for Republicans	ER	23-11-20	politics
t3_jza1rz	Trump campaign cuts ties with attorney Sidney Powell after bizarre election fraud claims	EF	23-11-20	politics
t3_jzrye4	Michigan votes to certify Biden's win over Trump	ER	23-11-20	politics
t3_jzofom	Biden moves forward as GOP breaks with Trump rise	T	23-11-20	politics
t3_jzcjw9	Twitter, Facebook will hand official accounts over to Biden administration	T	23-11-20	politics
t3_jziwyr	What if Trump won’t leave the White House? A hostage negotiator, an animal-control officer, and a toddler whisperer have advice	T	23-11-20	politics
t3_jzo44d	Two years ago this week Trump was mocking a turkey for refusing to concede an election	T	23-11-20	politics
t3_jzc0q0	Trump’s lonely G-20 marks a fitting end	TS	23-11-20	politics
t3_jzquzq	GOP senator: No indication of widespread voting irregularities, window for Trump challenges is 'closing'	EF	23-11-20	politics
t3_jzk79i	Former GOP Ohio Governor Says Republicans Are Either ‘Afraid’ or ‘in Complete Lockstep’ With Trump	TS	23-11-20	politics
t3_jzpbvs	Biden chooses former Fed Chair Janet Yellen to be Treasury secretary, report says	BP	23-11-20	politics
t3_jzfcif	Trump Is Running Out Of Time As Key States Set To Certify That Biden Won	ER	23-11-20	politics
t3_jzbggz	The Motley Crew Leading Trump’s Election Challenges | Jared Kushner wanted a “James Baker-like” figure, but he ended up with a ragtag bunch of lawyers led by a raving Rudolph Giuliani, who made his first appearance in federal court in this century.	EF	23-11-20	politics
t3_jzlzl3	After looming so large in Washington, Donald Trump has shrunk into a small, petty man	TS	23-11-20	politics
t3_jzprxe	Trump’s Absurd ‘You Did It First’ Argument for Stealing the Election	EF	23-11-20	politics
t3_jztjh2	National Embarrassment Donald Trump Worried Lawyers Are Sullying His Pristine Reputation	TS	23-11-20	politics
t3_jzntq8	GM flips to California’s side in emissions lawsuit against Trump admin	TP	23-11-20	politics
t3_jzs06l	Michigan certifies Joe Biden's win despite Trump's GOP overtures | The Board of State Canvassers, which has two Republicans and two Democrats, confirmed the results on a 3-0 vote with one abstention	ER	23-11-20	politics
t3_jzsruy	Rush Limbaugh Does Full 180, Blasts Sidney Powell After Team Trump Disavowed Her	TS	23-11-20	politics
t3_jzhzmd	Reporter Carl Bernstein names 21 GOP senators who 'repeatedly expressed extreme contempt for Trump'	TS	23-11-20	politics
t3_jzr5f1	Michigan Election Board Certifies Victory for Biden	ER	23-11-20	politics
t3_jzk32t	Biden Backs Democrats’ Pursuit Of Bigger COVID-19 Relief Deal	BP	23-11-20	politics
t3_jziow1	Facebook will give presidential accounts to Biden even if Trump refuses to concede election	T	23-11-20	politics
t3_jzcq86	As Biden marches forward with Cabinet, Trump hopes likely to fade in key states	T	23-11-20	politics
t3_jzp967	General Motors Aligns With Biden, Pulls Out of Lawsuit Supporting Trump	TS	23-11-20	politics
t3_jz8ywc	Trump campaign legal team distances itself from Powell	TS	23-11-20	politics
t3_jztlp5	G.M. Drops Its Support for Trump Climate Rollbacks and Aligns With Biden	TS	23-11-20	politics
t3_jzidnq	A diplomatic powerhouse': Biden will nominate Linda Thomas-Greenfield as UN ambassador, reports say	BP	23-11-20	politics
t3_jzaxgb	Trump campaign files narrow appeal in Pennsylvania - It is seeking permission to reframe its argument again.	EF	23-11-20	politics
t3_jz95se	Reports: Biden to name long-time confidant Antony Blinken as Secretary of State	BP	23-11-20	politics
t3_jzphue	GOP senator, business leaders urge prompt Biden transition	T	23-11-20	politics
t3_jzb3ya	Trump campaign cuts ties with attorney Sidney Powell after bizarre election fraud claims | US news	EF	23-11-20	politics
t3_jzrnx5	Michigan certifies Biden victory in another blow to Trump	ER	23-11-20	politics
t3_jzgh8i	Antony Blinken: Biden's secretary of state nominee is sharp break with Trump era	BP	23-11-20	politics
t3_jzp2ts	Joe Biden nominates first woman to lead intelligence and first Latino to head homeland security	BP	23-11-20	politics
t3_jzoam2	Reality Forecloses on the Trump Presidency | A fading campaign collapses under the weight of finally having to back up big talk with actual substance.	TS	23-11-20	politics
t3_jzjyaw	Trump EPA removes tool states use to protect farmworkers, environment	TP	23-11-20	politics
t3_jzg3aa	Biden expected to pick longtime diplomat Linda Thomas-Greenfield as U.S. ambassador to U.N.	BP	23-11-20	politics
t3_jzr88b	Michigan election board certifies 154,000-vote victory for Joe Biden, another setback in Trump’s effort to overturn election results	ER	23-11-20	politics
t3_jzrzv8	Rush Limbaugh Knocks Trump's Lawyers For Not Providing Voter Fraud Proof	EF	23-11-20	politics
t3_jz8l93	Top Biden adviser seen as making tech regulation more likely	BP	23-11-20	politics
t3_jzsna1	King of Jordan becomes first Arab leader to speak with President-elect Biden	T	23-11-20	politics
t3_jzi67y	More Republicans acknowledge Biden's victory, as two key states set to certify election results	ER	23-11-20	politics
t3_jzn3cr	Biden Taps John Kerry For New National Security Role Focused On The Climate Crisis	BP	23-11-20	politics
t3_jzm6f8	Carl Bernstein names 21 GOP senators who privately express “contempt” for Trump but still enable him	TS	23-11-20	politics
t3_jzsfv2	Obama calls Trump era an 'anomaly' in Canada-U.S. relations	O	23-11-20	politics
t3_jzu2rx	Michigan Certifies Election Results, Declaring Biden Winner In New Blow To Trump	ER	23-11-20	politics
t3_jztkzj	Trump fears Giuliani, other lawyers in Biden vote challenge are 'fools that are making him look bad'	EF	23-11-20	politics
t3_jzmemb	Trump Lawyer Tries To Toss Out His Own Vote In Wisconsin Recount	EF	23-11-20	politics
t3_jzfp15	Trump’s Anti-LGBTQ Agenda Has Been Hidden in Plain Sight	TP	23-11-20	politics
t3_jzreko	Michigan's state board certifies Biden's win	ER	23-11-20	politics
t3_jzn4mo	Despite Trump’s prod, Mich. to consider certifying Biden win	ER	23-11-20	politics
t3_jzst4r	Trump fears Giuliani, other lawyers in Biden vote challenge are 'fools that are making him look bad'	EF	23-11-20	politics
t3_k07ocv	US election: Biden becomes first-ever presidential candidate to receive 80 million votes	ER	24-11-20	politics
t3_k08ewo	Brennan takes final shot at Trump: 'I leave his fate to our judicial system, his infamy to history, &amp; his legacy to a trash heap'	TS	24-11-20	politics
t3_k07nxi	Pennsylvania certifies Biden's victory	ER	24-11-20	politics
t3_k028s9	Roger Stone-Tied Group Threatens GOP: If Trump Goes Down, So Does Your Senate Majority	ER	24-11-20	politics
t3_k08slh	On Night of Ginsburg’s Death, McConnell Pushed Trump to Nominate Amy Coney Barrett	TP	24-11-20	politics
t3_jzvxxd	Trump campaign loses 5 more cases in Pennsylvania Supreme Court decision	EF	24-11-20	politics
t3_k055sr	Republicans sold out democracy to appease Trump's loser tantrum	TS	24-11-20	politics
t3_k07sfh	It Actually Was a Landslide: 80 Million Votes and Counting For Biden; The “red mirage” has vanished to reveal a blue mandate for President-Elect Joe Biden	ER	24-11-20	politics
t3_k0az01	Biden accuses Trump of ‘outright cruelty’ at the border as he introduces Homeland Security pick	TP	24-11-20	politics
t3_k06l7z	Yes, the Biden administration should hold Trump accountable	BP	24-11-20	politics
t3_jzuvas	Report of a 'souring' relationship between Trump and Giuliani	TS	24-11-20	politics
t3_k05kkv	Every Day Trump Repeatedly Emails His Supporters a Dangerous Message: Democracy Doesn’t Work. Be outraged, don’t accept the election results…and send money.	ER	24-11-20	politics
t3_k02n7d	Should Trump Be Prosecuted?	TS	24-11-20	politics
t3_jzv0k7	Politicizing masks ‘is like politicizing toilet paper,’ Biden coronavirus adviser says	O	24-11-20	politics
t3_k047z0	Press: Trump's biggest fear is — lock him up	TS	24-11-20	politics
t3_jzx12o	Here Come the Adults | Biden’s Cabinet is shaping up to be everything that Trump’s was not.	BP	24-11-20	politics
t3_jzyvdn	Lindsey Graham calls Biden, Pelosi and Schumer "trifecta from hell," says they'll end Electoral College	BS	24-11-20	politics
t3_jzvqda	Trump Lawyer Appears on Fox Touting ‘Promising’ Case in Pennsylvania After It’s Thrown Out by Judge	EF	24-11-20	politics
t3_k03h7b	Trump Push To Invalidate Votes In Heavily Black Cities Alarms Civil Rights Groups	EF	24-11-20	politics
t3_k02ya3	Rachel Maddow Rings The Alarm On How Trump's 'Setting The Place On Fire' As He Leaves	T	24-11-20	politics
t3_k05npo	Trump Is Still President, Even Though He’s Not Acting Like One | The federal government has essentially stopped functioning as a federal government.	TS	24-11-20	politics
t3_jzv6i4	‘Bye bye Trump’: Ilhan Omar and others celebrate as president finally begins transition	T	24-11-20	politics
t3_k05r0v	Enough cowardice: Democrats must forge ahead, without caring what the Trumpers say	T	24-11-20	politics
t3_jzwk4e	The Secret Service is reportedly preparing for Trump's 'post-presidency life'	T	24-11-20	politics
t3_jzuphz	Trump goes out with a whimper and a tweet. It was always going to be that way	T	24-11-20	politics
t3_k07u24	Pennsylvania governor: Democrat Joe Biden certified as winner of presidential election in state	ER	24-11-20	politics
t3_jzw3ni	75 Percent Of Lawyers Say They Wouldn’t Support Their Firm If They Represented Donald Trump — Lawyers do *not* approve of what Jones Day's doing.	O	24-11-20	politics
t3_k0bsrn	Ivanka Trump called out for boasting about drop in greenhouse emissions: "This is largely because of the pandemic"	O	24-11-20	politics
t3_k03r9y	‘A passing attempt at adulthood’: Stacey Abrams gives scathing reaction to Trump finally starting transition	T	24-11-20	politics
t3_k04x2c	Cannabis stocks surge after Trump administration sets formal transition in motion	T	24-11-20	politics
t3_k03hse	Trump campaign loses 5 more election cases in Pennsylvania	EF	24-11-20	politics
t3_k08z5i	President-Elect Joe Biden Clinches Presidency—Again—as Pennsylvania Certifies Election Results	ER	24-11-20	politics
t3_jzvf9k	Dr. Redlener: Trump’s denial of science has ‘poisoned’ this country	O	24-11-20	politics
t3_k09ns0	Pennsylvania, Nevada certify Biden as winner of presidential vote	ER	24-11-20	politics
t3_jzyoyz	Laura Ingraham Admits It’s Over for Trump: ‘Biden Will Be Inaugurated’	T	24-11-20	politics
t3_k0dtv5	White House has signed off on Joe Biden getting the President's Daily Brief	T	24-11-20	politics
t3_k0cdoc	Trump ignores reporter’s question about trying to pardon himself after doing so for turkey	TS	24-11-20	politics
t3_k033f1	Republican official: Trump efforts to undermine Georgia results could 'suppress the vote' in U.S. Senate runoff elections	EF	24-11-20	politics
t3_k05u50	Glum Laura Ingraham Tells Fox Viewers It’s Done: ‘I’d Be Lying’ If I Said Trump Still Had A Chance	O	24-11-20	politics
t3_k04a0b	Rush Limbaugh Criticizes Trump Campaign for Hyping Up 'Blockbuster' Voter Fraud Evidence: 'Nothing Happened… Not Good'	EF	24-11-20	politics
t3_k06g46	Shameful and Concerning He Is Even Being Considered,' Says AOC as Rahm Emanuel Floated for Role in Biden Cabinet	BP	24-11-20	politics
t3_k06bmj	Trump Mocked After Telling GOP to Listen to Randy Quaid's Election Demand	TS	24-11-20	politics
t3_jzy84b	Midtown Trump Tower To Have Reduced Security After President Leaves Office in January	T	24-11-20	politics
t3_jzx73a	Trump's effort to steal the election is done	EF	24-11-20	politics
t3_k03iou	In Break From Trump, Biden Opts for Experience, Expertise for Top National Security Jobs	BP	24-11-20	politics
t3_k09n7r	Nevada Supreme Court certifies Joe Biden's win in Nevada, making his win in the battleground state official	ER	24-11-20	politics
t3_k05ixh	2 in 3 say coronavirus relief should be Biden's top priority in first 100 days: poll	O	24-11-20	politics
t3_jzvrkx	Trump came in promising so much winning. He’s going out with so much whining.	T	24-11-20	politics
t3_k04vzj	Trump’s dam finally breaks. But we cannot go through this again.	O	24-11-20	politics
t3_k00ahk	Trump says he ‘will never concede’ and transition process has nothing to do with election result	T	24-11-20	politics
t3_k06pds	Fox News' Laura Ingraham and Tucker Carlson distance themselves from Trump	TS	24-11-20	politics
t3_k04qk9	Jon Ossoff Tries to Drive Wedge Between Georgia Trump Voters, GOP Senate Candidates Over Biden Win	ER	24-11-20	politics
t3_k0942q	Melania Trump wanted to light the White House with rainbow colors for Pride month. She got told no.	TP	24-11-20	politics
t3_k0d1g3	Well That Was Weird as Sh*t': As More States Certify His Defeat, Trump Holds 60-Second Briefing to Brag About Stock Market	ER	24-11-20	politics
t3_k0ahv4	Judge Emmet Sullivan Will Oversee Voting Rights Act Case Accusing Trump of Anti-Black Campaign to Overturn Election	EF	24-11-20	politics
t3_k07q55	Joe Biden crosses 80 million votes, 10 million more than Obama got	ER	24-11-20	politics
t3_k0azls	Trump’s Enablers Are Sabotaging the Georgia Senate Runoff Election–and Helping Democrats. There’s a weird, right-wing push to boycott January’s pivotal U.S. Senate runoffs. Is Trump angry enough to join it?	ER	24-11-20	politics
t3_k03zxy	The EU thanks Joe Biden for his 'clear support' in Brexit dispute with the UK	BP	24-11-20	politics
t3_k05ep2	Surgeon General Issues ‘Dire’ COVID-19 Warning As Trump White House Plans Indoor Parties	O	24-11-20	politics
t3_k08659	Pennsylvania certifies Biden victory	ER	24-11-20	politics
t3_k0ammd	Nevada Supreme Court Certifies Biden’s Victory Over Trump	ER	24-11-20	politics
t3_k0c5mr	Paul Ryan calls for Trump to accept results: 'The election is over'	ER	24-11-20	politics
t3_k04620	Beyond an embarrassment,' legal experts say of Trump and Giuliani's floundering efforts in court	EF	24-11-20	politics
t3_k07zev	Computer repairman who claimed he gave Hunter Biden data to Giuliani closes shop as laptop saga gets stranger	BS	24-11-20	politics
t3_k0a761	Trump brags about Dow 30,000 at surprise press conference, leaves after a minute	TP	24-11-20	politics
t3_k09pwl	Atlanta Hawks Arena, Which Played Huge Role in Biden Winning Georgia, to be Used Again for Senate Runoffs	ER	24-11-20	politics
t3_k0djl7	Trump Insists He’s Still Going to Be President as White House Landlord Asks For Forwarding Address for Security Deposit	T	24-11-20	politics
t3_jzzepz	Trump dismantles decades-old surveillance treaty irreparably on his way out the door	TP	24-11-20	politics
t3_k07jm6	Column: Trump lost and his lawsuits are garbage. But please keep donating! The grift must go on.	EF	24-11-20	politics
t3_jzyzyc	Should Joe Biden cancel billions in student loan debt?	BP	24-11-20	politics
t3_k08kqr	Pennsylvania just certified its presidential election results, officially declaring Joe Biden the winner	ER	24-11-20	politics
t3_k0dyrm	The Republican Party Is Dead. It’s the Trump Cult Now.	TS	24-11-20	politics
t3_k0a31m	Biden-Harris ticket the first in US history to surpass 80 million votes	ER	24-11-20	politics
t3_k02329	Revealed: Trump Officials Rush to Mine Desert Haven Native Tribes Consider Holy	TS	24-11-20	politics
t3_jzwb0o	Sidney Powell Undermined Georgia GOP During Crucial Senate Runoff Before Trump Campaign Cut Her Loose	TS	24-11-20	politics
t3_jzvx08	NYPD planning to reduce police presence, congestion around Trump Tower: Sources tell ABC News	T	24-11-20	politics
t3_jzy6dc	Biden Supporters In Pennsylvania Look Ahead To A 'Traditional Presidency'	T	24-11-20	politics
t3_k0ala4	Trump Turns to Randy Quaid for Guidance in Overthrowing Democracy	EF	24-11-20	politics
t3_k08xyk	Democrats didn't refuse to acknowledge Trump’s 2016 victory	T	24-11-20	politics
t3_k0dwtt	75% of every donation to Trump's leadership PAC could actually be spent by the president himself on things like paying family members or financing a 2024 bid	TS	24-11-20	politics
t3_jzvxtn	It’s time Republicans put country over Trump’s injured ego	TS	24-11-20	politics
t3_k0f7jr	Biden unveils a national security team without grifters, trolls or fanatics	BP	24-11-20	politics
t3_k08q8s	Joe Biden Certified As Winner Of Presidential Election In Pennsylvania	ER	24-11-20	politics
t3_k0coc2	Trump is junking a treaty - and two planes - designed to stop nuclear war	TP	24-11-20	politics
t3_k060rf	Laura Ingraham says that Biden will be president: ‘This constitutes living in reality’	T	24-11-20	politics
t3_jzx3px	Trump probably won’t be the last politician to reject an election outcome without evidence	EF	24-11-20	politics
t3_k0feo8	Georgia Republican Voters Consider Boycott Of Special Senate Election In Support Of Trump	ER	24-11-20	politics
t3_k04nof	Biden prioritizes climate crisis by naming John Kerry special envoy	BP	24-11-20	politics
t3_k09pft	Pennsylvania Supreme Court rejects Trump campaign's effort to block counting certain absentee ballots	EF	24-11-20	politics
t3_k0eshp	Trump Appointee Unconstitutionally Interfered With VOA, Judge Rules	TS	24-11-20	politics
t3_k06dr2	No, It Wasn’t a Coup Attempt. It Was Another Trump Money Scam.	EF	24-11-20	politics
t3_k0beyi	Donald Trump stands up for the Confederacy one last time	TP	24-11-20	politics
t3_jzwgzq	Rush Limbaugh, Michigan, GSA hammer nails into coffin of Trump's election fraud claims	EF	24-11-20	politics
t3_jzwrvx	NYT reporter Maggie Haberman thinks Trump's tweet is 'the closest to a concession' he'll give	T	24-11-20	politics
t3_k08fht	Rubio Receives Swift Dunking For Poor Attempt At Painting Biden As An Elitist	TS	24-11-20	politics
t3_k061wu	Republicans With Any Love of Country Must Acknowledge That Trump Has Lost	T	24-11-20	politics
t3_k0359b	It's over for Trump	T	24-11-20	politics
t3_jzvflg	Pennsylvania counties certify election results despite isolated pushback and baseless fraud claims from Trump allies	ER	24-11-20	politics
t3_k0e2uk	Donald Trump's Destruction Of Documents	TS	24-11-20	politics
t3_jzx7gy	Rush Limbaugh knocks Trump's legal team: They promised 'bombshells' at press conference and 'nothing happened'	EF	24-11-20	politics
t3_jzuuec	Biden team wants to understand Trump effort to 'hollow out government agencies'	TP	24-11-20	politics
t3_k0dncv	Marco Rubio Gets Ripped For Criticizing Biden’s ‘Ivy League’ Foreign Policy Team	TS	24-11-20	politics
t3_k00iks	Trump Dismantles Decades-Old Surveillance Treaty Irreparably On His Way Out The Door | Rachel Maddow	TP	24-11-20	politics
t3_k0bfgp	Trump shares bizarre videos and tweets by actor Randy Quaid about voter fraud, Fox News	EF	24-11-20	politics
t3_k0axma	Biden win over Trump in Nevada made official by court	ER	24-11-20	politics
t3_jzvdc2	An OAN Host Has Been Helping Rudy With Trump’s Legal Efforts	EF	24-11-20	politics
t3_k0d4sz	Canvassing board certifies Joe Biden's win in New Mexico	ER	24-11-20	politics
t3_k09adn	Pennsylvania finalizes U.S. election results for Biden: governor	ER	24-11-20	politics
t3_k08hk3	America survived Trump's coup attempt. The media needs to be clear about why.	EF	24-11-20	politics
t3_jzyror	Federal judge calls Trump suit argued by Rudy Giuliani "Frankenstein's Monster" and dismisses case	EF	24-11-20	politics
t3_k034z9	The Trump administration may privatize Fannie Mae and Freddie Mac — and it could disrupt the nation’s housing-finance system	TP	24-11-20	politics
t3_k0dmkk	State board certifies Joe Biden as winner in Minnesota	ER	24-11-20	politics
t3_k0as5g	Judge rebukes another frivolous Trump lawsuit, allowing Pennsylvania to certify results	EF	24-11-20	politics
t3_k0c4gk	Gov. Doug Ducey: 'Joe Biden did win Arizona'	ER	24-11-20	politics
t3_k0f9d4	Well that was weird as s***': Reporters caught on hot mic baffled by Trump's minute long press conference | The president previously warned voters that the stock market would tank if Joe Biden won the election	TP	24-11-20	politics
t3_k07b93	Donald Trump Is Now Retweeting Randy Quaid’s Election Rants And Do-Over Calls	EF	24-11-20	politics
t3_k07txz	Pennsylvania certifies Biden as winner of presidential vote	ER	24-11-20	politics
t3_k024k0	Biden says the Trump White House won't give him COVID stockpile information. Here it is.	TS	24-11-20	politics
t3_k0a3tb	Trump shares Randy Quaid video: 'Fox is dead to me'	O	24-11-20	politics
t3_k0afvh	Ducey acknowledges Biden victory in Arizona for 1st time	ER	24-11-20	politics
t3_k08vm4	Pennsylvania certifies Biden’s victory as battlegrounds make 2020 results official	ER	24-11-20	politics
t3_k081o8	Pennsylvania certifies results of 2020 presidential election, giving Biden the win	ER	24-11-20	politics
t3_k0c01b	How Trump’s conspiracy theories have inspired some supporters to boycott the Georgia runoffs	O	24-11-20	politics
t3_k07fhk	Janet Yellen Is Probably the Best Treasury Secretary We Could Expect from a Biden Presidency	BP	24-11-20	politics
t3_k05ze0	Biden cabinet: Janet Yellen set to become first female treasury secretary	BP	24-11-20	politics
t3_k045ov	Taiwan says is having 'good interactions' with Biden team	BP	24-11-20	politics
t3_k0bpfr	Two more parting shots from Trump aimed squarely at disabled workers	TP	24-11-20	politics
t3_k01a73	After Chaotic 4 Years, Wall St. Is Itching to Unfollow @realDonaldTrump - President Trump turned his Twitter feed into a singular source of market volatility. Now, investors are looking forward to markets free of presidential tweets.	TP	24-11-20	politics
t3_k0d8w9	AOC and Ilhan Omar want to block Biden’s former chief of staff	BP	24-11-20	politics
t3_k041rg	Europe hopes for reset, end to ‘damage control’ under Biden	BP	24-11-20	politics
t3_k0d7kj	Trump administration wants to cut food stamps to thousands of seniors, lawmakers say	TP	24-11-20	politics
t3_k0abt3	President-elect Biden Announces Foreign Policy and National Security Posts	BP	24-11-20	politics
t3_k01f68	Watch Laura Ingraham Finally Tell Fox News Viewers That Biden Beat Trump	ER	24-11-20	politics
t3_k0bb2x	Trump’s QAnon Lawyer Inspired Even More George Soros Disinformation	TS	24-11-20	politics
t3_jzwige	PA Supreme Court rejects Trump challenge to absentee ballots in Allegheny County	EF	24-11-20	politics
t3_k0ftlb	McConnell pushed Trump to nominate Coney Barrett on the night of Ginsburg's death: report	TP	24-11-20	politics
t3_k0f0zp	Watch Trump's Stock Market Collapse Prediction Go Down in Flames	TP	24-11-20	politics
t3_k03ye7	Immigration Advocates Push Biden to Not Just Bring Back DACA But Expand It	BP	24-11-20	politics
t3_k0c42y	Biden win over Trump in Nevada made official by court	ER	24-11-20	politics
t3_jzvws9	Trump previewed his legal strategy 2 years ago, when he said a turkey 'refused to concede and demanded a recount'	EF	24-11-20	politics
t3_k0g41t	YouTube suspends One America News, a Trump favorite, for peddling pandemic misinformation	TS	24-11-20	politics
t3_k09m8g	Pennsylvania certifies election results for Biden	ER	24-11-20	politics
t3_k0allo	Pennsylvania certifies election results, sealing state victory for Biden	ER	24-11-20	politics
t3_k080lt	Pennsylvania certifies Biden as winner of presidential vote	ER	24-11-20	politics
t3_k0e454	Paul Ryan calls on Trump to concede and end lawsuits	T	24-11-20	politics
t3_k083ym	Pennsylvania Certifies Biden as Winner, Driving Stake in Trump’s Legal Effort	ER	24-11-20	politics
t3_k0e1h9	Biden-Harris ticket surpasses 80 million votes: new record	ER	24-11-20	politics
t3_k039s1	Biden Puts White House on Climate War Footing	BP	24-11-20	politics
t3_k0dlh2	Trump's DOJ Backs Down on Deporting Women Alleging ICE Gynecological Abuse	TP	24-11-20	politics
t3_k08kqp	The Damage Is the Point | Trump may not be able to extend his reign, but he can aid and abet his party by further curtailing the right to vote.	EF	24-11-20	politics
t3_k07khz	Kremlin and Putin will not recognise president-elect Biden despite Trump announcement	T	24-11-20	politics
t3_k0ezft	Biden to begin receiving classified Presidential Daily Briefings	T	24-11-20	politics
t3_k05ynk	Fox's Laura Ingraham says Biden will be inaugurated: 'This constitutes living in reality'	T	24-11-20	politics
t3_k0db7w	Biden picks Alejandro Mayorkas, a son of Jewish Cuban refugees, to lead the Department of Homeland Security	BP	24-11-20	politics
t3_k03gjd	Biden unveils his administration as Trump's firewall crumbles	BP	24-11-20	politics